{
    "_meta": {
        "title": "Manually aligned flow"
    },
    "SvelteFlowView": {
        "nodes": [
            {
                "id": "Mul0",
                "position": {
                    "x": 240.77994098617256,
                    "y": 257.2372682937595
                },
                "origin": [
                    0.5,
                    0
                ],
                "type": "analog",
                "data": {
                    "rtl": false
                },
                "computed": {
                    "positionAbsolute": {
                        "x": 240.77994098617256,
                        "y": 257.2372682937595
                    },
                    "width": 58,
                    "height": 40
                },
                "selected": false,
                "dragging": false
            },
            {
                "id": "Int0",
                "position": {
                    "x": 242.69371492801986,
                    "y": 178.86110134810667
                },
                "origin": [
                    0.5,
                    0
                ],
                "type": "analog",
                "data": {
                    "rtl": false
                },
                "computed": {
                    "positionAbsolute": {
                        "x": 242.69371492801986,
                        "y": 178.86110134810667
                    },
                    "width": 51,
                    "height": 40
                },
                "selected": false,
                "dragging": false
            },
            {
                "id": "Pot0",
                "position": {
                    "x": 262.4363241351546,
                    "y": 141.7578702093045
                },
                "data": {
                    "rtl": true
                },
                "type": "analog",
                "computed": {
                    "positionAbsolute": {
                        "x": 262.4363241351546,
                        "y": 141.7578702093045
                    },
                    "width": 62,
                    "height": 40
                },
                "selected": false,
                "dragging": false
            },
            {
                "id": "Int1",
                "position": {
                    "x": 857.6728803208732,
                    "y": 263.9593953952915
                },
                "data": {
                    "rtl": false
                },
                "type": "analog",
                "computed": {
                    "positionAbsolute": {
                        "x": 857.6728803208732,
                        "y": 263.9593953952915
                    },
                    "width": 51,
                    "height": 40
                },
                "selected": false,
                "dragging": false
            },
            {
                "id": "Pot1",
                "position": {
                    "x": 843.7085316450712,
                    "y": 319.6269963154458
                },
                "data": {
                    "rtl": true
                },
                "type": "analog",
                "computed": {
                    "positionAbsolute": {
                        "x": 843.7085316450712,
                        "y": 319.6269963154458
                    },
                    "width": 62,
                    "height": 40
                },
                "selected": false,
                "dragging": false
            },
            {
                "id": "Int2",
                "position": {
                    "x": 423.033500804151,
                    "y": 256.7445090894778
                },
                "data": {
                    "rtl": false
                },
                "type": "analog",
                "computed": {
                    "positionAbsolute": {
                        "x": 423.033500804151,
                        "y": 256.7445090894778
                    },
                    "width": 51,
                    "height": 40
                },
                "selected": false,
                "dragging": false
            },
            {
                "id": "Pot2",
                "position": {
                    "x": 412.41953993039795,
                    "y": 321.1231182949589
                },
                "data": {
                    "rtl": true
                },
                "type": "analog",
                "computed": {
                    "positionAbsolute": {
                        "x": 412.41953993039795,
                        "y": 321.1231182949589
                    },
                    "width": 62,
                    "height": 40
                },
                "selected": false,
                "dragging": false
            },
            {
                "id": "Pot3",
                "position": {
                    "x": 105.45402144160062,
                    "y": 250.17661109255997
                },
                "data": {
                    "rtl": false
                },
                "type": "analog",
                "computed": {
                    "positionAbsolute": {
                        "x": 105.45402144160062,
                        "y": 250.17661109255997
                    },
                    "width": 62,
                    "height": 40
                },
                "selected": false,
                "dragging": false
            },
            {
                "id": "Pot4",
                "position": {
                    "x": 194.7842080190453,
                    "y": 394.4942894754558
                },
                "data": {
                    "rtl": true
                },
                "type": "analog",
                "computed": {
                    "positionAbsolute": {
                        "x": 194.7842080190453,
                        "y": 394.4942894754558
                    },
                    "width": 62,
                    "height": 40
                },
                "selected": false,
                "dragging": false
            },
            {
                "id": "Pot5",
                "position": {
                    "x": 284.2201657065323,
                    "y": 256.0744315290681
                },
                "data": {
                    "rtl": false
                },
                "type": "analog",
                "computed": {
                    "positionAbsolute": {
                        "x": 284.2201657065323,
                        "y": 256.0744315290681
                    },
                    "width": 62,
                    "height": 40
                },
                "selected": false,
                "dragging": false
            },
            {
                "id": "Pot6",
                "position": {
                    "x": 526.3327252000538,
                    "y": 256.1817116218707
                },
                "data": {
                    "rtl": false
                },
                "type": "analog",
                "computed": {
                    "positionAbsolute": {
                        "x": 526.3327252000538,
                        "y": 256.1817116218707
                    },
                    "width": 62,
                    "height": 40
                },
                "selected": false,
                "dragging": false
            },
            {
                "id": "Mul1",
                "position": {
                    "x": 649.0641988478385,
                    "y": 263.91566190991097
                },
                "data": {
                    "rtl": false
                },
                "type": "analog",
                "computed": {
                    "positionAbsolute": {
                        "x": 649.0641988478385,
                        "y": 263.91566190991097
                    },
                    "width": 58,